{
  "classification_report": {
    "non-depressed": {
      "precision": 0.6029946823397705,
      "recall": 0.9986095017381228,
      "f1-score": 0.7519413663729169,
      "support": 4315.0
    },
    "depressed": {
      "precision": 0.45454545454545453,
      "recall": 0.0017593244194229415,
      "f1-score": 0.0035050823694356818,
      "support": 2842.0
    },
    "accuracy": 0.602766522285874,
    "macro avg": {
      "precision": 0.5287700684426125,
      "recall": 0.5001844130787728,
      "f1-score": 0.3777232243711763,
      "support": 7157.0
    },
    "weighted avg": {
      "precision": 0.5440464211421393,
      "recall": 0.602766522285874,
      "f1-score": 0.4547419924539713,
      "support": 7157.0
    }
  },
  "confusion_matrix": [
    [
      4309,
      6
    ],
    [
      2837,
      5
    ]
  ]
}