{
  "classification_report": {
    "anger": {
      "precision": 0.1856060606060606,
      "recall": 0.14984709480122324,
      "f1-score": 0.1658206429780034,
      "support": 327.0
    },
    "excited": {
      "precision": 0.0,
      "recall": 0.0,
      "f1-score": 0.0,
      "support": 238.0
    },
    "fear": {
      "precision": 0.0,
      "recall": 0.0,
      "f1-score": 0.0,
      "support": 7.0
    },
    "frustration": {
      "precision": 0.0,
      "recall": 0.0,
      "f1-score": 0.0,
      "support": 481.0
    },
    "happy": {
      "precision": 0.045714285714285714,
      "recall": 0.24615384615384617,
      "f1-score": 0.07710843373493977,
      "support": 65.0
    },
    "neutral": {
      "precision": 0.16289592760180996,
      "recall": 0.5581395348837209,
      "f1-score": 0.2521891418563923,
      "support": 258.0
    },
    "sadness": {
      "precision": 0.0,
      "recall": 0.0,
      "f1-score": 0.0,
      "support": 143.0
    },
    "surprise": {
      "precision": 0.0,
      "recall": 0.0,
      "f1-score": 0.0,
      "support": 19.0
    },
    "accuracy": 0.13589076723016905,
    "macro avg": {
      "precision": 0.04927703424026954,
      "recall": 0.1192675594798488,
      "f1-score": 0.06188977732116693,
      "support": 1538.0
    },
    "weighted avg": {
      "precision": 0.0687202598900373,
      "recall": 0.13589076723016905,
      "f1-score": 0.08081937389176035,
      "support": 1538.0
    }
  },
  "confusion_matrix": [
    [
      49,
      17,
      0,
      0,
      76,
      185,
      0,
      0
    ],
    [
      113,
      0,
      0,
      0,
      42,
      83,
      0,
      0
    ],
    [
      2,
      0,
      0,
      0,
      0,
      5,
      0,
      0
    ],
    [
      8,
      23,
      0,
      0,
      126,
      324,
      0,
      0
    ],
    [
      17,
      0,
      0,
      0,
      16,
      32,
      0,
      0
    ],
    [
      53,
      0,
      0,
      0,
      61,
      144,
      0,
      0
    ],
    [
      20,
      0,
      0,
      0,
      25,
      98,
      0,
      0
    ],
    [
      2,
      0,
      0,
      0,
      4,
      13,
      0,
      0
    ]
  ]
}